handle,products,primary_keyword,secondary_keywords,seo_title,title_len,meta_description,desc_len,h1,image_alt,body_status,action
anarkali-sets,3,anarkali sets for women,"anarkali sets, buy anarkali sets online, anarkali sets india",Anarkali Sets for Women | Festive Ethnic Wear | Morpaankh,57,"Anarkali sets for women: a fitted yoke and a long flare of panels for mehendi and evening functions. Honest fabric, true-to-body fit.",133,Anarkali Sets,(no collection image),EXPAND (36w),tighten desc (156->133); expand intro copy (36w); collection image alt (if image set)
best-sellers,10,best selling kurta sets,"best sellers, buy best sellers online, best sellers india",Best Sellers | Women's Kurta & Co-ord Sets | Morpaankh,54,"Shop Morpaankh best sellers, our most loved cotton kurta sets, co-ord sets and festive pieces ranked by what is selling most right now.",135,Best Sellers,(no collection image),KEEP,rewrite thin title; collection image alt (if image set)
bundle-offer-eligible,14,,,,,,,Bundle Offer Eligible,,,UTILITY collection (Buy2/Buy3 eligibility). Keep out of nav and ideally noindex; no SEO needed.
co-ord-sets,13,co-ord sets for women,"co ord sets, buy co ord sets online, co ord sets india",Co-ord Sets for Women | Cotton Co-ords Online | Morpaankh,57,"Co-ord sets for women in breathable cotton: matching tops and wide-leg pants to wear together or split. True-to-body fit, honest fabric.",136,Co-ord Sets,(no collection image),KEEP,tighten desc (157->136); collection image alt (if image set)
festive,11,festive ethnic wear for women,"festive, buy festive online, festive india",Festive & Wedding Ethnic Wear for Women | Morpaankh,51,"Festive and wedding-guest ethnic wear for women: silk-cotton dobby, tassel detail and gold thread, made to be worn and photographed. True-to-body fit.",150,Festive Edit,(no collection image),KEEP,tighten desc (157->150); collection image alt (if image set)
frontpage,11,,,,,,,Home page,,,"Shopify default Home-page product feed. Not a browse landing page; low priority, no SEO needed."
kurta-sets,28,cotton kurta sets for women,"kurta sets, buy kurta sets online, kurta sets india",Cotton Kurta Sets for Women with Dupatta | Morpaankh,52,"Cotton kurta sets for women: a three-piece kurta, pants and dupatta in breathable, honest fabric. True-to-body fit, chosen by a Surat textile family.",149,Kurta Sets,(no collection image),KEEP,collection image alt (if image set)
lehenga-sets,4,lehenga sets for women,"lehenga sets, buy lehenga sets online, lehenga sets india",Lehenga Sets for Women | Wedding & Festive Wear | Morpaankh,59,Lehenga sets for women: full-skirted festive wear for weddings and sangeet. Cut to be worn and not just photographed. True-to-body fit in honest fabric.,152,Lehenga Sets,(no collection image),EXPAND (39w),expand intro copy (39w); collection image alt (if image set)
new-arrivals,27,new ethnic wear for women,"new arrivals, buy new arrivals online, new arrivals india",New Arrivals | Women's Indian Ethnic Wear Online | Morpaankh,60,"New arrivals from Morpaankh: the latest kurta sets, co-ords and festive wear for women in honest fabric. Fresh styles added often, with a true-to-body fit.",155,New Arrivals,(no collection image),KEEP,collection image alt (if image set)
one-piece,3,single kurtas for women,"one piece, buy one piece online, one piece india",Single Kurtas and Kurtis for Women | Morpaankh,46,"Single-piece kurtas and kurtis for women in breathable cotton. Wear one with denim, palazzos or a slip, no set needed. True-to-body fit.",136,One Piece,MorPaankh single-piece cotton kurta,KEEP,tighten desc (160->136)
short-kurti,3,short kurtis for women,"short kurti, buy short kurti online, short kurti india",Short Kurtis for Women | Cotton Kurtis Online | Morpaankh,57,"Short kurtis for women in soft, breathable cotton: block prints and clean cuts to style with jeans, palazzos or a skirt. True-to-body fit, honest fabric.",153,Short Kurti,(no collection image),KEEP,collection image alt (if image set)
tunics,2,cotton tunics for women,"tunics, buy tunics online, tunics india",Tunics for Women | Cotton Tunic Tops | Morpaankh,48,"Longline cotton tunic tops for women, cut to skim over pants or leggings. Honest fabric with a true-to-body fit. New styles landing soon from Morpaankh.",152,Tunics,(no collection image),EXPAND (14w),expand intro copy (14w); collection image alt (if image set)
