handle,status,type,price,primary_keyword,secondary_keywords,seo_title,title_len,meta_description,desc_len,h1,featured_image_alt,image_alt_coverage,body_150_300w,tags,handle_301,action
adaa,DRAFT,Kurta Set,1999.0,roman silk kurta set for women,"roman silk kurta set, festive kurta set, sequin work kurta set, adaa morpaankh",Adaa | Roman-Silk Kurta Set with Muslin Dupatta | Morpaankh,59,,,Adaa,"Morpaankh Adaa Roman silk kurta set with pintuck yoke, sequinned collar and muslin dupatta",12/12 ok,EXPAND to 150+ words (currently 99w),"Festive, Roman Silk, Sequin Work, Wedding",no,expand body
anaar,ACTIVE,Festival Set,1899.0,georgette festive kurta set for women,"georgette festive kurta set, engagement festive kurta set, haldi festive kurta set, anaar morpaankh",Anaar | Red Georgette Kurta Set with Gold Work | Morpaankh,58,"Deep red georgette kurta set with gold dots across the yoke, an embroidered vine along the scalloped edge and a matching dupatta. Shop at Morpaankh.",148,Anaar,"Morpaankh Anaar deep red georgette festive kurta set with gold yoke dots and a scalloped edge, front view",0/5 (backfill),EXPAND to 150+ words (currently 67w),"Engagement, Festive, Georgette, Haldi, Mehendi, Navratri, new, Reception, Thread Embroidery",no,tighten meta desc (200->148); set image alts; expand body
bagh-bahar,ACTIVE,Co-ord Set,1599.0,rayon co-ord set for women,"rayon co-ord set, festive co-ord set, haldi co-ord set, thread embroidery co-ord set, bagh bahar morpaankh","Bagh Bahar | Green Rayon Kurta Set, Daytime | Morpaankh",55,"Green rayon kurta set for daytime, easy and breathable, true to the body. Bagh Bahar, a garden that turns colour overnight. Shop at Morpaankh.",142,Bagh Bahar,Bagh Bahar green rayon kurta set with embroidered floral medallion and straight pant,7/7 ok,KEEP existing,"Daytime, Festive, Haldi, Rayon, Thread Embroidery",no,tighten meta desc (162->142)
bahaar,ACTIVE,Kurta Set,2399.0,cotton kurta set for women,"cotton kurta set, festive kurta set, thread embroidery kurta set, wedding kurta set, bahaar morpaankh",Bahaar | Magenta Cotton Anarkali Set | Morpaankh,48,"Magenta cotton anarkali set, festive and true to the body. Bahaar means spring, the weeks when everything decides to flower. Shop at Morpaankh.",143,Bahaar,Morpaankh Bahaar magenta cotton Anarkali set with embroidered floral hem and culotte pant,12/12 ok,KEEP existing,"Cotton, Daytime, Festive, Thread Embroidery, Wedding",no,tighten meta desc (160->143)
bandhan,ACTIVE,Co-ord Set,1349.0,cotton co-ord set for women,"cotton co-ord set, everyday co-ord set, bandhan morpaankh",Bandhan | Voile Cotton Bow-Motif Kurta Set | Morpaankh,54,"Women's voile cotton bow-motif kurta set with a true-to-body fit. Bandhan means a tie, the small knots running down the set. Buy online at Morpaankh.",149,Bandhan,Morpaankh Bandhan voile-cotton A-line kurta set with bow motifs and placket stitching,9/9 ok,KEEP existing,"bestseller, Cotton, Everyday",no,OK (no change)
barsaat,DRAFT,One Piece,0.0,cotton kurti for women,barsaat morpaankh,Barsaat | Ivory Cotton Floral-Print Kurta | Morpaankh,53,,,Barsaat,"Morpaankh Barsaat ivory cotton slub kurta with a yellow and blue floral print and elbow sleeves, front view",1/1 ok,EXPAND to 150+ words (currently 67w),,no,expand body
bel,ACTIVE,Short Kurti,649.0,cotton short kurti for women,"cotton short kurti, everyday short kurti, bel morpaankh",Bel | Cotton Vine-Print Short Kurti for Women | Morpaankh,57,"Premium cotton short kurti in sage or peacock blue with a soft vine print, angled neck and a back tie. Elevated everyday ethnic wear. Shop at Morpaankh.",152,Bel,"Bel cotton slub short kurti with a soft vine floral print, Morpaankh",6/6 ok,EXPAND to 150+ words (currently 71w),"bestseller, Cotton, Daytime, Everyday, new",no,tighten meta desc (163->152); expand body
champa,ACTIVE,One Piece,899.0,cotton cotton kurti for women,"festive cotton kurti, floral print cotton kurti, navratri cotton kurti, champa morpaankh",Champa | Cream Cotton Floral-Print Kurta | Morpaankh,52,"Cream cotton floral-print kurta, a single piece cut true to the body. Champa, the tree that blooms dense in cream and yellow. Shop at Morpaankh.",144,Champa,Morpaankh Champa cream cotton kurta with painted champa-flower print and a wide flared hem,5/5 ok,EXPAND to 150+ words (currently 94w),"Cotton, Daytime, Festive, Floral Print, Navratri",no,tighten meta desc (161->144); expand body
chandni,ACTIVE,Kurta Set,1499.0,cotton kurta set for women,"cotton kurta set, everyday kurta set, sequin work kurta set, chandni morpaankh",Chandni | Khadi Cotton Kurta Set | Morpaankh,44,"Cream khadi cotton kurta set with blue diamond borders, scattered floral sprigs and hand-stitched sequins. Chandni is moonlight. Shop at Morpaankh.",147,Chandni,"Morpaankh Chandni cream khadi cotton kurta set with blue diamond borders, floral sprigs and hand-stitched sequins, front view",5/5 ok,KEEP existing,"Cotton, Daytime, Everyday, new, Sequin Work",no,trim title to <=60; tighten meta desc (182->147)
chhaya,ACTIVE,Kurta Set,1599.0,cotton kurta set for women,"cotton kurta set, everyday kurta set, festive kurta set, jacquard kurta set, chhaya morpaankh",Chhaya | Grey Cotton Kurta Set | Morpaankh,42,"Grey cotton kurta set with white thread-flower work and a V neck, cut true to the body. Chhaya is the shade a tree casts at midday. Shop at Morpaankh.",150,Chhaya,Chhaya grey cotton kurta set with white thread-flower work around the V neck and matching dupatta,5/5 ok,EXPAND to 150+ words (currently 115w),"bestseller, Cotton, Everyday, Festive, Jacquard, new",no,tighten meta desc (176->150); expand body
darpan,ACTIVE,Co-ord Set,1199.0,cotton co-ord set for women,"cotton co-ord set, mirror work co-ord set, darpan morpaankh",Darpan | Cotton Mirror-Work Co-ord Set | Morpaankh,50,"Cotton co-ord set with a hand-set line of shisha mirrors down the front, side slits, pockets and a straight palazzo. Darpan is mirror. Shop at Morpaankh.",153,Darpan,"Morpaankh Darpan cotton co-ord set with a line of shisha mirrors down the front and a straight palazzo, front view",10/10 ok,KEEP existing,"bestseller, Cotton, Mirror Work, new",no,tighten meta desc (174->153)
dhanak,ACTIVE,One Piece,899.0,cotton cotton kurti for women,"festive cotton kurti, floral print cotton kurti, mehendi cotton kurti, dhanak morpaankh",Dhanak | Cotton Buta-Print Tiered Kurta | Morpaankh,51,"Cotton buta-print tiered kurta, a single piece, true to the body. Dhanak, the garden back in colour after the first rain. Shop at Morpaankh.",140,Dhanak,Morpaankh Dhanak cotton kurta with buta floral print and tiered flared hem,6/6 ok,KEEP existing,"Cotton, Daytime, Festive, Floral Print, Mehendi",no,tighten meta desc (160->140)
gendafool,ACTIVE,Kurta Set,2099.0,cotton kurta set for women,"cotton kurta set, festive kurta set, haldi kurta set, mehendi kurta set, gendafool morpaankh",Gendafool | Marigold-Yellow Cotton Kurta Set | Morpaankh,56,"Marigold-yellow cotton kurta set, true to the body. Gendafool, the marigold strung in garlands over every festive doorway. Shop at Morpaankh.",141,Gendafool,Gendafool marigold yellow cotton kurta set with shisha mirror work and block-print mul dupatta,4/4 ok,EXPAND to 150+ words (currently 101w),"Cotton, Festive, Haldi, Mehendi, Mirror Work",no,tighten meta desc (161->141); expand body
ghera,ACTIVE,(MISSING),1999.0,georgette anarkali set for women,"georgette anarkali set, festive anarkali set, thread embroidery anarkali set, zari work anarkali set, ghera morpaankh",Ghera | Organza Anarkali Set with Gold Buti | Morpaankh,55,"Women's organza anarkali set with gold buti work to the hem, sheer sleeves and a soft georgette palazzo built for a full sweep. Shop at Morpaankh.",146,Ghera,"Morpaankh Ghera organza anarkali set with gold buti work and a georgette palazzo, full flare, front view",0/12 (backfill),EXPAND to 150+ words (currently 68w),"Festive, Georgette, new, Thread Embroidery, Zari Work",no,tighten meta desc (207->146); set image alts; set productType; expand body
gulaab,ACTIVE,Short Kurti,499.0,cotton short kurti for women,"cotton short kurti, block print short kurti, everyday short kurti, floral print short kurti, gulaab morpaankh",Gulaab | Pink Cotton Block-Print Kurti | Morpaankh,50,"Pink cotton block-print short kurti, cut true to the body for jeans or palazzos. Gulaab is simply the rose, scattered across it. Shop at Morpaankh.",147,Gulaab,Morpaankh Gulaab pink cotton block-print kurti with red and green rose buti,6/6 ok,EXPAND to 150+ words (currently 118w),"Block Print, Cotton, Everyday, Floral Print",no,tighten meta desc (161->147); expand body
gulaabi,ACTIVE,Kurta Set,1699.0,cotton kurta set for women,"cotton kurta set, festive kurta set, haldi kurta set, jacquard kurta set, gulaabi morpaankh",Gulaabi Ivory | Ivory Cotton Kurta Set | Morpaankh,50,"Ivory cotton three-piece kurta set with dupatta, true to the body. Gulaabi is the first pink of a festive morning. Shop at Morpaankh.",133,Gulaabi,"Morpaankh Gulaabi ivory cotton kurta set with tonal jacquard weave and pink motifs, view 2",5/5 ok,EXPAND to 150+ words (currently 84w),"Cotton, Festive, Haldi, Jacquard, Mehendi",no,tighten meta desc (158->133); expand body
gulaabi-subah,ACTIVE,Kurta Set,1599.0,cotton kurta set for women,"cotton kurta set, everyday kurta set, gulaabi subah morpaankh",Gulaabi Subah | Pink Cotton Jacquard Kurta Set | Morpaankh,58,"Women's pink cotton jacquard kurta set, a cotton three-piece with a true-to-body fit. Gulaabi Subah, an unhurried pink morning. Buy online at Morpaankh.",152,Gulaabi Subah,Morpaankh Gulaabi Subah pink pure-cotton three-piece kurta set with ivory jacquard buti weave and dupatta,5/5 ok,EXPAND to 150+ words (currently 115w),"Cotton, Everyday, new",no,expand body
gulbadan,ACTIVE,Kurta Set,1799.0,roman silk kurta set for women,"roman silk kurta set, engagement kurta set, festive kurta set, gulbadan morpaankh",Gulbadan | Purple Roman-Silk Kurta Set | Morpaankh,50,"Purple Roman-silk kurta set, true to the body. Gulbadan is an old Mughal word, rose-bodied, once a fine flowered court silk. Shop at Morpaankh.",143,Gulbadan,Gulbadan deep purple Roman silk kurta set with zari neckline and printed organza dupatta,3/3 ok,KEEP existing,"Engagement, Festive, Roman Silk, Zari Work",no,tighten meta desc (163->143)
gulnaar-saanjh,ACTIVE,Festival Set,2299.0,georgette festive kurta set for women,"georgette festive kurta set, mirror work festive kurta set, sangeet festive kurta set, wedding festive kurta set, gulnaar saanjh morpaankh",Gulnaar Saanjh | Pink Georgette Lehenga Set | Morpaankh,55,"Pink georgette lehenga set for weddings and festive wear, true to the body. Gulnaar Saanjh, the pink of a split pomegranate. Shop at Morpaankh.",143,Gulnaar Saanjh,"Gulnaar Saanjh pink georgette lehenga set with shisha mirror borders, choli and cape",6/6 ok,EXPAND to 150+ words (currently 85w),"Georgette, Mirror Work, Sangeet, Wedding",no,tighten meta desc (164->143); expand body
haldi,ACTIVE,Festival Set,2599.0,chinon silk festive kurta set for women,"chinon silk festive kurta set, haldi morpaankh",Haldi | Yellow Chinon Gota-Work Kurta Set | Morpaankh,53,"Haldi-yellow chinon silk set with patch gota roundels and pink-green thread vines, soft with a crepe inner for long functions. Shop at Morpaankh.",145,Haldi,"Morpaankh Haldi yellow chinon silk set with patch gota work roundels and thread vines, front view",0/7 (backfill),EXPAND to 150+ words (currently 84w),"Chinon Silk, Festive, new",no,add SEO title; add meta desc; set image alts; expand body
jamun,ACTIVE,Kurta Set,1699.0,art silk kurta set for women,"art silk kurta set, evening kurta set, festive kurta set, jamun morpaankh","Jamun | Violet Art-Silk Kurta Set, Evening | Morpaankh",54,"Violet art-silk kurta set for evening wear, true to the body. Jamun, the fruit that turns deep purple at the peak of summer. Shop at Morpaankh.",143,Jamun,Jamun deep violet art silk kurta set with zari and resham floral work,7/7 ok,KEEP existing,"Art Silk, Evening, Festive, Zari Work",no,tighten meta desc (164->143)
kachnar,ACTIVE,Kurta Set,1499.0,cotton kurta set for women,"cotton kurta set, everyday kurta set, festive kurta set, floral print kurta set, kachnar morpaankh",Kachnar | Lavender Cotton Kurta Set | Morpaankh,47,"Women's lavender cotton kurta set with a true-to-body fit. Kachnar, the orchid-tree flower that opens soft purple in spring. Buy online at Morpaankh.",149,Kachnar,"Kachnar lavender cotton kurta set with white embroidered yoke and floral dupatta border, seated view",5/5 ok,KEEP existing,"Cotton, Everyday, Festive, Floral Print, Haldi, new",no,OK (no change)
kasturi,ACTIVE,Co-ord Set,1599.0,rayon co-ord set for women,"rayon co-ord set, festive co-ord set, thread embroidery co-ord set, kasturi morpaankh",Kasturi | Deep-Brown Rayon Kurta Set | Morpaankh,48,"Deep-brown rayon kurta set, true to the body. Kasturi is musk, a brown so rich it reads almost gold in the right light. Shop at Morpaankh.",138,Kasturi,Kasturi deep brown rayon kurta set with white thread florals and gold studs,6/6 ok,EXPAND to 150+ words (currently 115w),"bestseller, Daytime, Festive, Rayon, Thread Embroidery",no,tighten meta desc (158->138); expand body
khili-dhoop,ACTIVE,Co-ord Set,1249.0,cotton co-ord set for women,"cotton co-ord set, everyday co-ord set, khili dhoop morpaankh","Khili Dhoop | Ivory Cotton Kurta Set, Everyday | Morpaankh",58,"Ivory cotton kurta set for everyday wear, breathable and true to the body. Khili Dhoop, the open sunshine of a clear day. Shop at Morpaankh.",140,Khili Dhoop,Khili Dhoop ivory cotton sleeveless A-line kurti with woven indigo dots and straight pant,4/4 ok,EXPAND to 150+ words (currently 88w),"bestseller, Cotton, Daytime, Everyday",no,tighten meta desc (165->140); expand body
kinara,ACTIVE,Co-ord Set,1099.0,cotton co-ord set for women,"cotton co-ord set, everyday co-ord set, jacquard co-ord set, kinara morpaankh",Kinara | Cotton Jacquard Co-ord Set | Morpaankh,47,"Cotton jacquard co-ord set with white woven floral borders, a collared shirt-style kurta and a straight pant. Shop at Morpaankh.",128,Kinara,"Morpaankh Kinara cotton jacquard co-ord set with white woven floral border, collar and straight pant, front view",12/12 ok,EXPAND to 150+ words (currently 85w),"Cotton, Everyday, Jacquard, new",no,tighten meta desc (193->128); expand body
kohra,ACTIVE,Co-ord Set,1749.0,cotton co-ord set for women,"cotton co-ord set, block print co-ord set, kohra morpaankh",Kohra | Misty Sage Linen Co-ord Set for Women | Morpaankh,57,"Premium misty sage linen co-ord set with gold star buti, navy tassels and a block-print palazzo. Luxe contemporary ethnic wear. Shop at Morpaankh.",146,Kohra,"Kohra misty sage linen co-ord set with gold star buti, Morpaankh",5/5 ok,EXPAND to 150+ words (currently 80w),"Block Print, Cotton, Daytime, new",no,tighten meta desc (162->146); expand body
laal-sitara,ACTIVE,Kurta Set,1799.0,cotton kurta set for women,"cotton kurta set, block print kurta set, festive kurta set, laal sitara morpaankh",Laal Sitara | Maroon Mirror-Work Kurta Set | Morpaankh,54,"Maroon cotton mirror-work kurta set, true to the body. Laal Sitara means red star, for the shisha mirrors on the sleeves. Shop at Morpaankh.",140,Laal Sitara,Morpaankh Laal Sitara maroon cotton kurta set with shisha mirror work on the sleeves,6/6 ok,EXPAND to 150+ words (currently 113w),"Block Print, Cotton, Festive, new",no,trim title to <=60; tighten meta desc (160->140); expand body
lakeer,ACTIVE,Co-ord Set,1199.0,rayon co-ord set for women,"rayon co-ord set, everyday co-ord set, thread embroidery co-ord set, viscose rayon co-ord set, lakeer morpaankh",Lakeer | Rayon Co-ord Set with Thread Work | Morpaankh,54,"Viscose rayon co-ord set with thread embroidery along the edges, handy pockets and a fit that holds all day. Lakeer means a line. Shop at Morpaankh.",148,Lakeer,"Morpaankh Lakeer viscose rayon co-ord set with thread embroidery along the edges and pockets, front view",10/10 ok,KEEP existing,"Daytime, Everyday, new, Thread Embroidery, Viscose Rayon",no,tighten meta desc (176->148)
latkan,ACTIVE,Co-ord Set,1749.0,cotton co-ord set for women,"cotton co-ord set, block print co-ord set, latkan morpaankh",Latkan | Linen Tassel Co-ord Set for Women | Morpaankh,54,"Premium linen co-ord set with a block-print panel, signature tassels and a relaxed palazzo. Luxe daytime ethnic wear for women. Shop at Morpaankh.",146,Latkan,"Latkan linen tassel co-ord set with a relaxed palazzo, Morpaankh",5/5 ok,EXPAND to 150+ words (currently 71w),"Block Print, Cotton, Daytime, new",no,tighten meta desc (163->146); expand body
mehka,ACTIVE,Co-ord Set,1599.0,rayon co-ord set for women,"rayon co-ord set, festive co-ord set, viscose rayon co-ord set, mehka morpaankh",Mehka | Rayon Co-ord Set with Resham Buti | Morpaankh,53,"Viscose rayon co-ord set with resham thread buti, cut true to the body. Mehka, flowers you notice against the deep ground. Shop at Morpaankh.",141,Mehka,Morpaankh Mehka viscose rayon co-ord set with resham buti and shisha mirror neckline,12/12 ok,EXPAND to 150+ words (currently 103w),"bestseller, Daytime, Festive, new, Rayon, Viscose Rayon",no,tighten meta desc (163->141); expand body
mehrab,DRAFT,Kurta Set,999.0,cotton kurta set for women,"cotton kurta set, festive kurta set, temple kurta set, zari work kurta set, mehrab morpaankh",Mehrab | Black Kanchi Cotton Kurta | Morpaankh,46,,,Mehrab,Mehrab black Kanchi cotton kurta with gold temple-arch border on rani-pink band,4/4 ok,KEEP existing,"Cotton, Daytime, Festive, Temple, Zari Work",no,OK (no change)
misty-meadow,ACTIVE,Kurta Set,1599.0,cotton kurta set for women,"cotton kurta set, festive kurta set, jacquard kurta set, misty meadow morpaankh",Misty Meadow | Sage Cotton Jacquard Kurta Set | Morpaankh,57,"Sage cotton jacquard kurta set, true to the body. Misty Meadow, a field at first light, grey-green and dotted with flowers. Shop at Morpaankh.",142,Misty Meadow,Morpaankh Misty Meadow sage pure-cotton kurta set with jacquard buti and a paisley-border dupatta,9/9 ok,EXPAND to 150+ words (currently 112w),"Cotton, Festive, Jacquard, new",no,tighten meta desc (162->142); expand body
mogra,ACTIVE,Kurta Set,1299.0,cotton kurta set for women,"cotton kurta set, engagement kurta set, everyday kurta set, festive kurta set, mogra morpaankh",Mogra | Beige Cotton Kurta Set with Thread Work | Morpaankh,59,"Beige cotton kurta set with thread work, true to the body. Mogra, the white jasmine strung into gajra on summer evenings. Shop at Morpaankh.",140,Mogra,"Mogra beige cotton kurta set with white thread embroidered yoke, matching pants and dupatta, front view",5/5 ok,EXPAND to 150+ words (currently 105w),"Cotton, Engagement, Everyday, Festive, new, Reception, Temple",no,tighten meta desc (159->140); expand body
morani,ACTIVE,Kurta Set,2199.0,roman silk kurta set for women,"roman silk kurta set, diwali kurta set, engagement kurta set, festive kurta set, morani morpaankh",Morani | Plum Roman-Silk Farshi Shalwar Set | Morpaankh,55,"Plum Roman-silk farshi shalwar set, true to the body. Morani, the shade a courtyard turns before a mehendi night begins. Shop at Morpaankh.",139,Morani,Morpaankh Morani plum Glass Roman silk kurta set with gold zari hem band and farshi shalwar,5/12 (backfill),KEEP existing,"bestseller, Diwali, Engagement, Festive, Mehendi, Roman Silk, Sangeet, Teej, Wedding, Zari Work",no,tighten meta desc (159->139)
naranga,ACTIVE,Short Kurti,499.0,cotton short kurti for women,"cotton short kurti, block print short kurti, everyday short kurti, floral print short kurti, naranga morpaankh",Naranga | Orange Cotton Block-Print Kurti | Morpaankh,53,"Orange cotton block-print short kurti, cut true to the body for jeans or palazzos. Naranga, the old Sanskrit root of orange. Shop at Morpaankh.",143,Naranga,Morpaankh Naranga orange cotton block-print kurti,8/8 ok,KEEP existing,"Block Print, Cotton, Daytime, Everyday, Floral Print",no,tighten meta desc (166->143)
nazakat,ACTIVE,Kurta Set,1599.0,cotton kurta set for women,"cotton kurta set, everyday kurta set, nazakat morpaankh",Nazakat | Beige Cotton Kurta Set | Morpaankh,44,"Beige chiku cotton kurta set with fine repeating motifs, a worked front panel and a bordered dupatta, soft against the skin. Shop at Morpaankh.",143,Nazakat,"Morpaankh Nazakat beige chiku cotton kurta set with fine motifs and a bordered dupatta, front view",0/5 (backfill),EXPAND to 150+ words (currently 68w),"Cotton, Daytime, Everyday",no,tighten meta desc (189->143); set image alts; expand body
noor,ACTIVE,Festival Set,2099.0,crepe festive kurta set for women,"crepe festive kurta set, french crepe festive kurta set, reception festive kurta set, noor morpaankh",Noor | Off-White Embroidered Co-ord Set | Morpaankh,51,"Off-white French crepe embroidered co-ord set for festive wear, true to the body. Noor, the golden light after the lamps are lit. Shop at Morpaankh.",148,Noor,Noor off-white French crepe co-ord set with pastel ambi embroidery and pearl-drop hem,6/6 ok,KEEP existing,"Festive, French Crepe, Reception, Thread Embroidery",no,tighten meta desc (168->148)
panchhi,ACTIVE,Kurta Set,2549.0,cotton kurta set for women,"cotton kurta set, festive kurta set, floral print kurta set, thread embroidery kurta set, panchhi morpaankh",Panchhi | Pink Cotton Kurta Set with Sequin Work | Morpaankh,60,"Pink pure cotton kurta set with a bird-and-tree print, ivory dupatta and fine sequin work. Panchhi means bird, at rest in the grove. Shop at Morpaankh.",151,Panchhi,"Morpaankh Panchhi pink pure cotton kurta set with a bird-and-tree print yoke, ivory printed dupatta and sequin neckline, front view",5/5 ok,EXPAND to 150+ words (currently 80w),"Cotton, Festive, Floral Print, new, Thread Embroidery, Zari Work",no,tighten meta desc (173->151); expand body
partial-payment,ACTIVE,(none),,,,,,,,,,,,,,"LEAVE AS-IS. Required COD King product that powers the partial-payment / COD deposit flow. Do NOT change status, price, or anything. Not a merchandising/SEO item."
peach-blossom,ACTIVE,Kurta Set,1599.0,cotton kurta set for women,"cotton kurta set, peach blossom morpaankh",Peach Blossom | Peach Cotton Jacquard Kurta Set | Morpaankh,59,"Women's peach cotton jacquard kurta set with a true-to-body fit. Peach Blossom, the colour of an orchard in early flower. Buy online at Morpaankh.",146,Peach Blossom,Morpaankh Peach Blossom peach pure-cotton kurta set with ivory jacquard floral weave and dupatta,9/9 ok,EXPAND to 150+ words (currently 82w),,no,expand body
phoolwari,ACTIVE,Kurta Set,1499.0,cotton kurta set for women,"cotton kurta set, everyday kurta set, festive kurta set, phoolwari morpaankh",Phoolwari | Peach Cotton Floral Kurta Set | Morpaankh,53,"Women's peach cotton floral kurta set with a true-to-body fit. Phoolwari, a small garden in full bloom across the dupatta. Buy online at Morpaankh.",147,Phoolwari,"Phoolwari peach cotton kurta set with white floral border dupatta and embroidered yoke, front view",5/5 ok,EXPAND to 150+ words (currently 118w),"Cotton, Everyday, Festive, new",no,expand body
pukhraj,ACTIVE,Kurta Set,1499.0,cotton kurta set for women,"cotton kurta set, everyday kurta set, festive kurta set, pukhraj morpaankh",Pukhraj | Mustard-Yellow Cotton Kurta Set | Morpaankh,53,"Mustard-yellow cotton kurta set with a fine white floral print and a true-to-body fit. Pukhraj, the yellow topaz worn for warmth. Shop at Morpaankh.",148,Pukhraj,Pukhraj mustard-yellow cotton kurta set with a fine white floral print and matching printed dupatta,5/5 ok,EXPAND to 150+ words (currently 113w),"Cotton, Everyday, Festive, new",no,tighten meta desc (182->148); expand body
raat-rani,ACTIVE,Festival Set,2899.0,crepe festive kurta set for women,"crepe festive kurta set, diwali festive kurta set, french crepe festive kurta set, mirror work festive kurta set, raat rani morpaankh",Raat Rani | Off-White Mirror-Work Palazzo Set | Morpaankh,57,"Off-white French crepe mirror-work kurta and palazzo set for festive wear. Raat Rani, the flower that opens at dusk. Shop at Morpaankh.",135,Raat Rani,Raat Rani off-white French crepe kurta set with abhla mirror work and palazzo,6/6 ok,EXPAND to 150+ words (currently 99w),"Diwali, French Crepe, Mirror Work, Sangeet",no,tighten meta desc (161->135); expand body
rangoli,ACTIVE,Kurta Set,1899.0,kurta set for women,"everyday kurta set, mirror work kurta set, thread embroidery kurta set, rangoli morpaankh",Rangoli | Burgundy Cotton Mirror-Work Kurta Set | Morpaankh,59,"Burgundy pure cotton kurta set with ringed thread medallions in yellow, green and rose, tiny mirrors and a soft mul dupatta. Shop at Morpaankh.",143,Rangoli,"Morpaankh Rangoli burgundy cotton kurta set with ringed thread medallions, tiny mirrors and a mul dupatta, front view",4/4 ok,KEEP existing,"Cotton, Everyday, Mirror Work, new, Thread Embroidery",no,tighten meta desc (189->143)
rat-jugnu,ACTIVE,Kurta Set,1599.0,chinon silk kurta set for women,"chinon silk kurta set, diwali kurta set, mirror work kurta set, rat jugnu morpaankh",Rat Jugnu | Chinon Silk Mirror-Work Kurta Set | Morpaankh,57,"Women's Chinon silk mirror-work kurta set with a true-to-body fit. Rat Jugnu, the black night that carries its own kind of light. Buy online at Morpaankh.",154,Rat Jugnu,Morpaankh Rat Jugnu chinon silk kurta set with patchwork shisha-mirror yoke and maroon dupatta,6/6 ok,EXPAND to 150+ words (currently 94w),"Chinon Silk, Diwali, Mirror Work, Navratri",no,expand body
rosewood,ACTIVE,Kurta Set,1299.0,roman silk kurta set for women,"roman silk kurta set, mirror work kurta set, rosewood morpaankh",Rosewood | Rust Roman-Silk Kurta Set | Morpaankh,48,"Women's rust Roman-silk kurta set with a true-to-body fit. Rosewood, the deep, warm red-brown of polished old wood. Buy online at Morpaankh.",140,Rosewood,Morpaankh Rosewood rust Roman-silk kurta set with a cream floral sequin vine and dupatta,7/7 ok,EXPAND to 150+ words (currently 116w),"Mirror Work, new, Roman Silk",no,expand body
sarson,ACTIVE,Co-ord Set,1899.0,cotton co-ord set for women,"cotton co-ord set, festive co-ord set, floral print co-ord set, mirror work co-ord set, sarson morpaankh",Sarson | Ivory Cotton Mirror-Work Co-ord Set | Morpaankh,56,"Ivory cambric cotton co-ord set with a mustard floral print, a mirror at each flower's heart and a printed farshi pant. Shop at Morpaankh.",138,Sarson,"Morpaankh Sarson ivory cambric cotton co-ord set with mustard floral print, a mirror at each flower and a printed farshi pant, view 2",6/6 ok,KEEP existing,"Cotton, Festive, Floral Print, Mirror Work, new, Thread Embroidery",no,tighten meta desc (201->138)
savera,ACTIVE,Kurta Set,1099.0,rayon kurta set for women,"rayon kurta set, festive kurta set, teej kurta set, thread embroidery kurta set, savera morpaankh",Savera | White Rayon Embroidered Kurta Set | Morpaankh,54,"White rayon floral-embroidered kurta set, true to the body. Savera, early morning light in a garden as the flowers open. Shop at Morpaankh.",139,Savera,Morpaankh Savera white rayon kurta set with blue and yellow floral yoke embroidery,6/6 ok,EXPAND to 150+ words (currently 117w),"Daytime, Festive, Rayon, Teej, Thread Embroidery",no,trim title to <=60; tighten meta desc (159->139); expand body
shabnam,ACTIVE,Kurta Set,1649.0,georgette kurta set for women,"georgette kurta set, festive kurta set, thread embroidery kurta set, shabnam morpaankh",Shabnam | Lemon Georgette Kurta Set | Morpaankh,47,"Soft lemon georgette kurta set with silver and white thread flowers, a long flared palazzo and a plain dupatta. Shop at Morpaankh.",130,Shabnam,"Morpaankh Shabnam lemon georgette kurta set with silver and white thread flowers and a flared palazzo, front view",9/9 ok,EXPAND to 150+ words (currently 115w),"Festive, Georgette, new, Thread Embroidery",no,tighten meta desc (195->130); expand body
taana,ACTIVE,Co-ord Set,1199.0,cotton co-ord set for women,"cotton co-ord set, everyday co-ord set, taana morpaankh",Taana | Striped Cotton Co-ord Set for Women | Morpaankh,55,"Taana, a pure cotton striped co-ord set with a sleeveless A-line kurti and matching pant, in sky blue, pink or beige. Sizes L to 3XL. Shop at Morpaankh.",152,Taana,"Taana sky blue striped cotton co-ord set for women, sleeveless A-line kurti with matching pant, Morpaankh",12/12 ok,EXPAND to 150+ words (currently 91w),"bestseller, Cotton, Everyday, new",no,expand body
toran,ACTIVE,Festival Set,2399.0,rayon festive kurta set for women,"rayon festive kurta set, mirror work festive kurta set, navratri festive kurta set, toran morpaankh",Toran | Black Rayon Mirror-Work Navratri Set | Morpaankh,56,"Black rayon Navratri set with a deep red mirror-work border and red latkans, cut full flare to hold the circle during raas. Shop at Morpaankh.",142,Toran,"Morpaankh Toran black rayon Navratri set with a red mirror-work border and latkans, full flare, front view",0/7 (backfill),EXPAND to 150+ words (currently 70w),"Festive, Mirror Work, Navratri, new, Rayon, Thread Embroidery",no,add SEO title; add meta desc; set image alts; expand body
tulsi,ACTIVE,Co-ord Set,1199.0,cotton co-ord set for women,"cotton co-ord set, everyday co-ord set, thread embroidery co-ord set, tulsi morpaankh",Tulsi | Green Cotton Co-ord Set with Thread Work | Morpaankh,60,"Deep leaf-green pure cotton co-ord set with white thread embroidery and a matching wide-leg palazzo. Tulsi, green of the courtyard. Shop at Morpaankh.",150,Tulsi,"Morpaankh Tulsi deep leaf-green pure cotton co-ord set with white thread neckline embroidery and matching wide palazzo, front view",6/6 ok,KEEP existing,"Cotton, Daytime, Everyday, new, Thread Embroidery",no,tighten meta desc (177->150)
